{
    "processing": "Sedang proses...",
    "lengthMenu": "Menampilkan _MENU_ data",
    "zeroRecords": "Tidak ditemukan data yang sesuai",
    "info": "Menampilkan _START_ sampai _END_ dari _TOTAL_ data",
    "infoEmpty": "Menampilkan 0 hingga 0 dari 0 data",
    "infoFiltered": "(disaring dari _MAX_ data keseluruhan)",
    "search": "Cari:",
    "paginate": {
        "first": "Awal",
        "previous": "Sebelumnya",
        "next": "Selanjutnya",
        "last": "Akhir"
    },
    "aria": {
        "sortAscending": "urutkan ascending",
        "sortDescending": "urutkan descending"
    },
    "autoFill": {
        "cancel": "Batalkan",
        "fill": "Isi semua sel dengan <i>%d<i><\/i><\/i>",
        "fillHorizontal": "isi sel secara horizontal",
        "fillVertical": "isi sel secara vertikal"
    },
    "buttons": {
        "collection": "Koleksi <span class=\"ui-button-icon-primary ui-icon ui-icon-triangle-1-s\"><\/span>",
        "colvis": "Visibilitas kolom",
        "colvisRestore": "Kembalikan visibilitas",
        "copy": "Salin",
        "copyKeys": "Tekan ctrl atau u2318 + C untuk menyalin tabel data ke papan klip sistem",
        "copyTitle": "Salin ke Papan Klip",
        "copySuccess": {
            "1": "1 row berhasil disalin",
            "_": "%d row berhasil disalin ke papan klip"
        },
        "csv": "CSV",
        "excel": "Excel",
        "pageLength": {
            "-1": "Tampilkan semua row",
            "_": "Tampilkan %d row"
        },
        "pdf": "PDF",
        "print": "Cetak"
    },
    "decimal": ",",
    "emptyTable": "Tidak ada data untuk ditampilkan"
}